{
  "Profiles": [
    {
      "Guid": "7B522381-7216-440D-B3AF-768B243224D8",      
      "Name": "Zenjoy",      
      "Link Color": {
        "Red Component": 0,
        "Color Space": "sRGB",
        "Blue Component": 0.73423302173614502,
        "Alpha Component": 1,
        "Green Component": 0.35916060209274292
      },
      "Tags": [],
      "Ansi 12 Color": {
        "Green Component": 0.3333333432674408,
        "Red Component": 0.3333333432674408,
        "Blue Component": 1
      },
      "Ansi 7 Color": {
        "Green Component": 1,
        "Red Component": 0.99990296363830566,
        "Blue Component": 0.99983000755310059
      },
      "Ansi 8 Color": {
        "Green Component": 0.33333333333333331,
        "Red Component": 0.33333333333333331,
        "Blue Component": 0.33333333333333331
      },
      "Bold Color": {
        "Green Component": 1,
        "Red Component": 1,
        "Blue Component": 1
      },
      "Ansi 9 Color": {
        "Green Component": 0.3333333432674408,
        "Red Component": 1,
        "Blue Component": 0.3333333432674408
      },
      "Ansi 1 Color": {
        "Green Component": 0.13333334028720856,
        "Red Component": 0.89803922176361084,
        "Blue Component": 0.13333334028720856
      },
      "Ansi 2 Color": {
        "Green Component": 1,
        "Red Component": 0.33184924721717834,
        "Blue Component": 0.33420372009277344
      },
      "Rows": 25,
      "Default Bookmark": "No",
      "Cursor Guide Color": {
        "Red Component": 0.70213186740875244,
        "Color Space": "sRGB",
        "Blue Component": 1,
        "Alpha Component": 0.25,
        "Green Component": 0.9268307089805603
      },
      "Non-ASCII Anti Aliased": true,
      "Use Bright Bold": true,
      "Ansi 10 Color": {
        "Green Component": 1,
        "Red Component": 0.3333333432674408,
        "Blue Component": 0.3333333432674408
      },
      "Ambiguous Double Width": false,
      "Jobs to Ignore": ["rlogin", "ssh", "slogin", "telnet"],
      "Ansi 15 Color": {
        "Green Component": 1,
        "Red Component": 1,
        "Blue Component": 1
      },
      "Foreground Color": {
        "Green Component": 0.73333334922790527,
        "Red Component": 0.73333334922790527,
        "Blue Component": 0.73333334922790527
      },
      "Blinking Cursor": false,
      "Disable Window Resizing": true,
      "Sync Title": false,
      "Prompt Before Closing 2": false,
      "BM Growl": true,
      "Command": "",
      "Description": "Default",
      "Mouse Reporting": true,
      "Screen": -1,
      "Selection Color": {
        "Green Component": 0.8353000283241272,
        "Red Component": 0.70980000495910645,
        "Blue Component": 1
      },
      "Columns": 80,
      "Idle Code": 0,
      "Ansi 13 Color": {
        "Green Component": 0.3333333432674408,
        "Red Component": 1,
        "Blue Component": 1
      },
      "Custom Command": "No",
      "ASCII Anti Aliased": true,
      "Non Ascii Font": "FuraCodeNerdFontComplete-Medium 12",
      "Vertical Spacing": 1,
      "Use Bold Font": true,
      "Option Key Sends": 0,
      "Selected Text Color": {
        "Green Component": 0,
        "Red Component": 0,
        "Blue Component": 0
      },
      "Background Color": {
        "Green Component": 0.086274512112140656,
        "Red Component": 0.078431375324726105,
        "Blue Component": 0.086274512112140656
      },
      "Character Encoding": 4,
      "Ansi 11 Color": {
        "Green Component": 1,
        "Red Component": 1,
        "Blue Component": 0.3333333432674408
      },
      "Use Italic Font": true,
      "Unlimited Scrollback": true,
      "Keyboard Map": {
        "0xf700-0x260000": {
          "Text": "[1;6A",
          "Action": 10
        },
        "0x37-0x40000": {
          "Text": "0x1f",
          "Action": 11
        },
        "0x32-0x40000": {
          "Text": "0x00",
          "Action": 11
        },
        "0xf709-0x20000": {
          "Text": "[17;2~",
          "Action": 10
        },
        "0xf70c-0x20000": {
          "Text": "[20;2~",
          "Action": 10
        },
        "0xf729-0x20000": {
          "Text": "[1;2H",
          "Action": 10
        },
        "0xf72b-0x40000": {
          "Text": "[1;5F",
          "Action": 10
        },
        "0xf705-0x20000": {
          "Text": "[1;2Q",
          "Action": 10
        },
        "0xf703-0x260000": {
          "Text": "[1;6C",
          "Action": 10
        },
        "0xf700-0x220000": {
          "Text": "[1;2A",
          "Action": 10
        },
        "0xf701-0x280000": {
          "Text": "0x1b 0x1b 0x5b 0x42",
          "Action": 11
        },
        "0x38-0x40000": {
          "Text": "0x7f",
          "Action": 11
        },
        "0x33-0x40000": {
          "Text": "0x1b",
          "Action": 11
        },
        "0xf703-0x220000": {
          "Text": "[1;2C",
          "Action": 10
        },
        "0xf701-0x240000": {
          "Text": "[1;5B",
          "Action": 10
        },
        "0xf70d-0x20000": {
          "Text": "[21;2~",
          "Action": 10
        },
        "0xf702-0x260000": {
          "Text": "[1;6D",
          "Action": 10
        },
        "0xf729-0x40000": {
          "Text": "[1;5H",
          "Action": 10
        },
        "0xf706-0x20000": {
          "Text": "[1;2R",
          "Action": 10
        },
        "0x34-0x40000": {
          "Text": "0x1c",
          "Action": 11
        },
        "0xf700-0x280000": {
          "Text": "0x1b 0x1b 0x5b 0x41",
          "Action": 11
        },
        "0x2d-0x40000": {
          "Text": "0x1f",
          "Action": 11
        },
        "0xf70e-0x20000": {
          "Text": "[23;2~",
          "Action": 10
        },
        "0xf702-0x220000": {
          "Text": "[1;2D",
          "Action": 10
        },
        "0xf703-0x280000": {
          "Text": "0x1b 0x1b 0x5b 0x43",
          "Action": 11
        },
        "0xf700-0x240000": {
          "Text": "[1;5A",
          "Action": 10
        },
        "0xf707-0x20000": {
          "Text": "[1;2S",
          "Action": 10
        },
        "0xf70a-0x20000": {
          "Text": "[18;2~",
          "Action": 10
        },
        "0x35-0x40000": {
          "Text": "0x1d",
          "Action": 11
        },
        "0xf70f-0x20000": {
          "Text": "[24;2~",
          "Action": 10
        },
        "0xf703-0x240000": {
          "Text": "[1;5C",
          "Action": 10
        },
        "0xf701-0x260000": {
          "Text": "[1;6B",
          "Action": 10
        },
        "0xf702-0x280000": {
          "Text": "0x1b 0x1b 0x5b 0x44",
          "Action": 11
        },
        "0xf72b-0x20000": {
          "Text": "[1;2F",
          "Action": 10
        },
        "0x36-0x40000": {
          "Text": "0x1e",
          "Action": 11
        },
        "0xf708-0x20000": {
          "Text": "[15;2~",
          "Action": 10
        },
        "0xf701-0x220000": {
          "Text": "[1;2B",
          "Action": 10
        },
        "0xf70b-0x20000": {
          "Text": "[19;2~",
          "Action": 10
        },
        "0xf702-0x240000": {
          "Text": "[1;5D",
          "Action": 10
        },
        "0xf704-0x20000": {
          "Text": "[1;2P",
          "Action": 10
        }
      },
      "Window Type": 0,
      "Blink Allowed": false,
      "Background Image Location": "",
      "Blur": false,
      "Badge Color": {
        "Red Component": 1,
        "Color Space": "sRGB",
        "Blue Component": 0,
        "Alpha Component": 0.5,
        "Green Component": 0.1491314172744751
      },
      "Scrollback Lines": 0,
      "Send Code When Idle": false,
      "Close Sessions On End": true,
      "Terminal Type": "xterm-256color",
      "Visual Bell": true,
      "Flashing Bell": false,
      "Silence Bell": false,
      "Ansi 14 Color": {
        "Green Component": 1,
        "Red Component": 0.3333333432674408,